question,answer
How do I book a room at your hotel?,"You can book directly through our website or app by selecting your check-in and check-out dates, room type, and completing payment. You'll receive a confirmation email with your booking reference."
What is the check-in and check-out time?,Standard check-in is from 2:00 PM and check-out is by 11:00 AM. Early check-in or late check-out can be requested and is subject to availability.
Can I modify my booking after confirmation?,"Yes, you can modify your dates, room type, or guest count from the 'My Bookings' section, subject to availability and any applicable rate difference."
Do you offer group bookings?,"Yes, for group bookings above 5 rooms, please contact our group desk for special rates and a dedicated contact person."
Is there a difference between reserved and assigned room type?,"The reserved room type is what you booked, while the assigned room type is the actual room given at check-in. Occasionally, due to availability, you may be upgraded to a different room type at no extra cost."
What is your cancellation policy?,"Cancellations made at least 48 hours before check-in are fully refundable. Cancellations within 48 hours may incur a one-night charge, depending on the rate plan."
What does 'Non Refund' deposit type mean?,A 'Non Refund' deposit means the full amount is charged at booking and is non-refundable in case of cancellation or no-show.
What is a 'Refundable' deposit booking?,"A 'Refundable' deposit means you pay a partial amount upfront, which is returned to you if you cancel within the allowed cancellation window."
Can I cancel a 'No Deposit' booking for free?,"Yes, bookings under 'No Deposit' generally allow free cancellation up to the policy cutoff time, since no upfront payment was collected."
What happens if I don't show up for my booking?,"A no-show is typically charged one night's stay or the full non-refundable amount, depending on your rate plan."
How long does a refund take after cancellation?,Refunds are usually processed within 5-7 business days back to your original payment method.
What meal plans do you offer?,"We offer BB (Bed & Breakfast), HB (Half Board - breakfast and dinner), FB (Full Board - all meals), and SC (Self Catering - no meals included)."
Is breakfast included in my booking?,"Breakfast is included if you selected the BB, HB, or FB meal plan. SC bookings do not include meals."
Can I add meals after booking a room-only rate?,"Yes, you can upgrade to a meal plan like BB or HB from the front desk or through our app, subject to availability."
Do you cater to dietary restrictions?,"Yes, please inform us of any dietary restrictions or allergies at the time of booking or check-in so our kitchen can accommodate you."
How many guests can stay in one room?,"Standard rooms typically accommodate 2 adults. For additional guests, children, or babies, please select a larger room type or request an extra bed."
Is there an extra charge for children?,Children below a certain age may stay free when using existing bedding; charges apply for extra beds or cribs. Please check the specific room's policy.
Can I request a specific room or floor?,"Yes, you can add a special request for a specific room, floor, or view, and we'll try to accommodate it based on availability."
What if my room does not have the requested amenities?,"Please contact the front desk immediately, and our staff will resolve the issue or offer an alternative room."
What does ADR mean in my invoice?,"ADR stands for Average Daily Rate, which is the average revenue earned per occupied room per day, often used to explain nightly pricing."
Why does my nightly rate change during my stay?,"Rates can vary daily based on demand, season, and length of stay, similar to airline pricing."
What payment methods do you accept?,"We accept major credit/debit cards, UPI, net banking, and select digital wallets."
Is parking available at the hotel?,"Yes, we offer car parking spaces; please indicate this need during booking as spaces are limited."
What is a 'Transient' customer type?,"'Transient' refers to individual travelers who are not part of a group, contract, or corporate booking - typically leisure or business guests booking directly."
What does 'Contract' customer type mean?,"'Contract' bookings are made under a pre-negotiated agreement, often for corporate clients with fixed rates over a period."
Do returning guests get any benefits?,"Yes, repeated guests are eligible for our loyalty program, offering discounts, late check-out, and room upgrade priority."
How can I join your loyalty program?,You can sign up for free on our website or app; points are earned on every stay and can be redeemed for discounts or upgrades.
What is the difference between booking via a travel agent versus directly?,"Direct bookings often come with better flexibility and loyalty benefits, while travel agent (TA/TO) bookings may include bundled packages but can have different cancellation terms."
Do online travel agencies offer the same cancellation policy as your website?,Cancellation policies may differ slightly by channel; we recommend checking the specific terms shown at the time of booking on that platform.
How do I request early check-in?,You can add an early check-in request during booking or contact the front desk in advance; it is subject to room availability.
Can I change my room type after arrival?,"Subject to availability, you can upgrade your room type at the front desk, with any rate difference charged accordingly."
How many times can I modify my booking?,"You can modify your booking multiple times before check-in, though frequent changes close to the arrival date may affect rate and availability."
What if I need to extend my stay?,You can request an extension through the front desk or app; it is confirmed subject to room availability for the additional nights.
What does it mean if my booking is on a waiting list?,"A waiting list booking means the requested room type is currently unavailable, but we will confirm it as soon as a room opens up, typically within a few days."
How will I know if my waitlisted booking is confirmed?,You will receive an email/SMS notification as soon as your waitlisted booking is confirmed.
Do you provide airport transfer service?,"Yes, airport pickup and drop can be arranged for an additional fee; please request this at least 24 hours before arrival."
What is the best way to reach the hotel from the airport?,"You can pre-book our airport shuttle, take a taxi, or use ride-hailing apps; distance and travel time will be shared in your confirmation email."
How can I leave feedback about my stay?,"You can leave feedback through the email survey sent after checkout, or directly on our website/app under 'Reviews'."
What happens if I have a complaint during my stay?,Please reach out to the front desk or guest relations immediately so we can resolve the issue during your stay.
Do you offer late check-out?,Late check-out until 1:00 PM is complimentary for loyalty members and subject to availability for other guests; requests beyond that may incur a fee.
Is Wi-Fi included in the room rate?,"Yes, complimentary Wi-Fi is available throughout the property, including all guest rooms."
Can I bring pets to the hotel?,Select rooms are pet-friendly; please mention this while booking so we can allocate an appropriate room.
Do you have a swimming pool and gym?,"Most of our properties offer a swimming pool and fitness center; availability varies by location, so please check the specific hotel's amenities page."
What identification do I need at check-in?,"A valid government-issued photo ID (passport, driving license, or Aadhaar) is required for all guests at check-in."
Can someone else check in on my behalf?,"Yes, but the person must carry your booking confirmation and their own valid ID; some properties may require prior written authorization."
Is smoking allowed in rooms?,Rooms are strictly non-smoking; designated smoking areas are available in select outdoor zones.
How do I know my booking is confirmed?,You will receive a confirmation email/SMS with a unique booking ID immediately after successful payment.
Can I pay at the hotel instead of online?,"Yes, for 'No Deposit' bookings, payment can be completed at check-in via card or cash, subject to the property's policy."
What is the minimum age to book a room independently?,Guests must be at least 18 years old to book and check in independently without a parent or guardian.
Do you offer airport lounge or spa packages?,Select premium bookings include add-on packages like spa access or airport lounge passes; check the 'Add-ons' section while booking.
How far in advance should I book during peak season?,We recommend booking at least 3-4 weeks in advance during peak season (major holidays or local events) to secure the best rates and room availability.
Why is my lead time important for pricing?,"Lead time is the gap between booking date and arrival date; longer lead times often get better rates, while last-minute bookings may have higher or dynamic pricing."
What is the difference between a resort hotel and a city hotel booking?,"Resort hotels are typically leisure-focused with longer average stays and more amenities, while city hotels cater to business travelers with shorter stays and central locations."
Can I split payment between two guests?,"Currently, one primary payment method is required at booking; however, front-desk staff can assist with splitting the final bill at check-out."
Do you offer discounts for extended stays?,"Yes, stays of 7 nights or more may be eligible for a long-stay discount; please check applicable offers during booking."
What should I do if I lose my booking confirmation?,You can retrieve your booking confirmation anytime from the 'My Bookings' section using your registered email or phone number.
Is travel insurance included with my booking?,Travel insurance is not included by default but can be added as an optional add-on during checkout.
Can I request an invoice for business purposes?,"Yes, a detailed GST/tax invoice can be requested from the front desk or generated automatically in your booking dashboard."
What if there is a booking change due to overbooking?,"In rare overbooking situations, we will offer a complimentary upgrade or accommodation at a partner property of equal or higher standard at no extra cost."
What kind of places fall under the 'Budaya' category?,"'Budaya' is one of our destination categories, featuring 117 listed places, most commonly found in Jakarta and Yogyakarta."
What kind of places fall under the 'Taman Hiburan' category?,"'Taman Hiburan' is one of our destination categories, featuring 135 listed places, most commonly found in Bandung and Yogyakarta."
What kind of places fall under the 'Cagar Alam' category?,"'Cagar Alam' is one of our destination categories, featuring 106 listed places, most commonly found in Bandung and Yogyakarta."
What kind of places fall under the 'Bahari' category?,"'Bahari' is one of our destination categories, featuring 47 listed places, most commonly found in Yogyakarta and Jakarta."
What kind of places fall under the 'Pusat Perbelanjaan' category?,"'Pusat Perbelanjaan' is one of our destination categories, featuring 15 listed places, most commonly found in Jakarta and Yogyakarta."
What kind of places fall under the 'Tempat Ibadah' category?,"'Tempat Ibadah' is one of our destination categories, featuring 17 listed places, most commonly found in Bandung and Jakarta."
What is a top-rated place to visit in Jakarta?,"One of the top-rated destinations in Jakarta is Freedom Library (Budaya), with a rating of 5.0 out of 5."
What is a top-rated place to visit in Yogyakarta?,"One of the top-rated destinations in Yogyakarta is Desa Wisata Sungai Code Jogja Kota (Taman Hiburan), with a rating of 5.0 out of 5."
What is a top-rated place to visit in Bandung?,"One of the top-rated destinations in Bandung is Gereja Tiberias Indonesia Bandung (Tempat Ibadah), with a rating of 4.9 out of 5."
What is a top-rated place to visit in Semarang?,"One of the top-rated destinations in Semarang is Gua Maria Kerep Ambarawa (Cagar Alam), with a rating of 4.8 out of 5."
What is a top-rated place to visit in Surabaya?,"One of the top-rated destinations in Surabaya is Masjid Nasional Al-Akbar (Tempat Ibadah), with a rating of 4.9 out of 5."
Are there any free tourist destinations available?,"Yes, 137 out of 437 listed destinations have no entry fee, mostly religious sites and public parks."
What is the average entry price for tourist attractions?,"Among paid attractions, the average entry price is approximately Rp 35,910."
